{"Train Loss": [[1511114522.5537987, 0, 0.07046875358091266], [1511114854.9257047, 1, 0.06035171749106901], [1511115068.088502, 2, 0.0585292516047148], [1511115279.4164956, 3, 0.057608461630347156], [1511115491.616616, 4, 0.05697238551648571], [1511115704.7013733, 5, 0.056547467522213075], [1511115916.779219, 6, 0.05619466181219734], [1511116128.3289182, 7, 0.05591193305525378], [1511116339.9032395, 8, 0.05299438658782878], [1511116553.0767705, 9, 0.05094597539264592], [1511116766.76904, 10, 0.050119105860823875], [1511116979.570316, 11, 0.049573897203140614], [1511117191.4848893, 12, 0.0491541336643025], [1511117403.2799323, 13, 0.04877498949430506], [1511117615.9570448, 14, 0.048414063225279635], [1511117828.625505, 15, 0.04789609587548183], [1511118040.3823981, 16, 0.04702584886218224], [1511118253.1470728, 17, 0.04669061331983568], [1511118465.2842717, 18, 0.04648271520817808], [1511118676.8007379, 19, 0.04631926586039663], [1511118888.7066495, 20, 0.046150451406338895], [1511119100.823038, 21, 0.04602856312449281], [1511119313.1565225, 22, 0.04598241303408586], [1511119524.7831392, 23, 0.045841044592219674], [1511119737.1810768, 24, 0.045766356860834835]], "Train Accuracy": [[1511114522.5539079, 0, 39.9959887956697], [1511114854.9258106, 1, 43.02625085350766], [1511115068.0886133, 2, 43.86837841431234], [1511115279.41662, 3, 44.144205049159794], [1511115491.6167252, 4, 44.25372444829039], [1511115704.7014782, 5, 44.421834472470294], [1511115916.7793286, 6, 44.54712827065263], [1511116128.3290308, 7, 44.83422233339417], [1511116339.90335, 8, 46.855824246152736], [1511116553.0768821, 9, 48.63765529332495], [1511116766.7691522, 10, 49.33736256554826], [1511116979.5704257, 11, 49.84845309482442], [1511117191.484993, 12, 50.24799608794903], [1511117403.2800477, 13, 50.6680457998409], [1511117615.9571571, 14, 51.007420728011056], [1511117828.625633, 15, 52.008644370680344], [1511118040.3825102, 16, 52.6044659577201], [1511118253.1471822, 17, 52.95285482820553], [1511118465.2843752, 18, 53.21200566976971], [1511118676.8008497, 19, 53.353073867003786], [1511118888.7067637, 20, 53.51960645127851], [1511119100.8231485, 21, 53.64084397541898], [1511119313.1566517, 22, 53.885121812162964], [1511119524.7832494, 23, 53.99509190840933], [1511119737.1811872, 24, 54.018302809871166]], "Validation Loss": [[1511114669.9683707, 0, 0.12623361251660245], [1511114882.6068974, 1, 0.1190000103114762], [1511115095.7536788, 2, 0.12044837047612907], [1511115307.1171432, 3, 0.11964684793935046], [1511115519.3260102, 4, 0.11458794356151021], [1511115732.3781157, 5, 0.1259232187554301], [1511115944.471895, 6, 0.11872402054624834], [1511116156.0551612, 7, 0.12141054933098298], [1511116367.6548257, 8, 0.12543502160550005], [1511116580.8639731, 9, 0.1274156432163273], [1511116794.7338169, 10, 0.12907903229875395], [1511117007.387439, 11, 0.13027313009275815], [1511117219.1607022, 12, 0.1308972341867249], [1511117431.0050197, 13, 0.13231311604615992], [1511117643.665177, 14, 0.13269966098223315], [1511117856.4266987, 15, 0.1482221957397662], [1511118068.1554327, 16, 0.15129665290708622], [1511118280.8784735, 17, 0.15278310318982724], [1511118492.9553356, 18, 0.1542052371556179], [1511118704.4719057, 19, 0.15508664337703373], [1511118916.4916403, 20, 0.1553420210372483], [1511119128.589938, 21, 0.15598799207675312], [1511119340.8320727, 22, 0.1579191770211634], [1511119552.5013123, 23, 0.15864461275652464], [1511119764.9575508, 24, 0.15896778912325668]], "Validation Accuracy": [[1511114669.9684787, 0, 32.649728953040295], [1511114882.607004, 1, 34.1262584323129], [1511115095.7537887, 2, 33.80622708230311], [1511115307.11725, 3, 33.95224721722011], [1511115519.326116, 4, 35.33733916791849], [1511115732.3782234, 5, 33.09152150181475], [1511115944.4720044, 6, 34.42809558020844], [1511116156.0552678, 7, 33.69053061757653], [1511116367.6549356, 8, 35.63311158177594], [1511116580.8640826, 9, 35.816919674930254], [1511116794.7339258, 10, 36.03478358229844], [1511117007.3875473, 11, 35.963872845853125], [1511117219.1608105, 12, 35.930750067645114], [1511117431.0051348, 13, 36.320292600091435], [1511117643.665283, 14, 35.77633260867537], [1511117856.426808, 15, 35.84444423710311], [1511118068.1555405, 16, 35.5524039672691], [1511118280.8785994, 17, 35.28508915159036], [1511118492.955445, 18, 35.09801543241554], [1511118704.4720185, 19, 34.88481670507665], [1511118916.4917524, 20, 34.93799975741064], [1511119128.5900502, 21, 35.011709601873534], [1511119340.8321817, 22, 34.83163365274266], [1511119552.5014238, 23, 34.77191934836765], [1511119764.9576812, 24, 34.82790150871922]]}